[
{"image_link": "//media.sheego.de/is/image/sheego/layout_general_leer?fmt=gif-alpha,rgb&wid=325&hei=464", "price": "49,99\u00a0\u20ac", "name": "Tunika im Ethno-Stil"},
{"image_link": "//media.sheego.de/is/image/sheego/layout_general_leer?fmt=gif-alpha,rgb&wid=325&hei=464", "price": "129,00\u00a0\u20ac", "name": "Cocktailkleid aus Spitze"},
{"image_link": "//media.sheego.de/is/image/sheego/layout_general_leer?fmt=gif-alpha,rgb&wid=325&hei=464", "price": "79,99\u00a0\u20ac", "name": "Cocktailkleid mit Bindeg\u00fcrtel"},
{"image_link": "//media.sheego.de/is/image/sheego/layout_general_leer?fmt=gif-alpha,rgb&wid=325&hei=464", "price": "119,00\u00a0\u20ac", "name": "Abendkleid mit Pailletten"},
{"image_link": "//media.sheego.de/is/image/sheego/layout_general_leer?fmt=gif-alpha,rgb&wid=325&hei=464", "price": "119,00\u00a0\u20ac", "name": "Abendkleid aus floraler Spitze"},
{"image_link": "//media.sheego.de/is/image/sheego/layout_general_leer?fmt=gif-alpha,rgb&wid=325&hei=464", "price": "99,00\u00a0\u20ac", "name": "Kleid mit Spitze"},
{"image_link": "//media.sheego.de/is/image/sheego/layout_general_leer?fmt=gif-alpha,rgb&wid=325&hei=464", "price": "59,99\u00a0\u20ac", "name": "Kleid mit Allover-Paisleydruck"},
{"image_link": "//media.sheego.de/is/image/sheego/layout_general_leer?fmt=gif-alpha,rgb&wid=325&hei=464", "price": "139,00\u00a0\u20ac", "name": "Abendkleid"},
{"image_link": "//media.sheego.de/is/image/sheego/layout_general_leer?fmt=gif-alpha,rgb&wid=325&hei=464", "price": "99,00\u00a0\u20ac", "name": "Cocktailkleid mit weit schwingendem Rockteil"},
{"image_link": "//media.sheego.de/is/image/sheego/layout_general_leer?fmt=gif-alpha,rgb&wid=325&hei=464", "price": "89,99\u00a0\u20ac", "name": "Bahnenkleid mit tollem Alloverprint"},
{"image_link": "//media.sheego.de/is/image/sheego/layout_general_leer?fmt=gif-alpha,rgb&wid=325&hei=464", "price": "119,00\u00a0\u20ac", "name": "Abendkleid mit floraler Spitze"},
{"image_link": "//media.sheego.de/is/image/sheego/layout_general_leer?fmt=gif-alpha,rgb&wid=325&hei=464", "price": "79,99\u00a0\u20ac", "name": "Cocktailkleid mit Bindeg\u00fcrtel"},
{"image_link": "//media.sheego.de/is/image/sheego/layout_general_leer?fmt=gif-alpha,rgb&wid=325&hei=464", "price": "119,00\u00a0\u20ac", "name": "Abendkleid mit Schmuckbrosche"},
{"image_link": "//media.sheego.de/is/image/sheego/layout_general_leer?fmt=gif-alpha,rgb&wid=325&hei=464", "price": "99,00\u00a0\u20ac", "name": "Abendkleid mit Schmuckbrosche"},
{"image_link": "//media.sheego.de/is/image/sheego/layout_general_leer?fmt=gif-alpha,rgb&wid=325&hei=464", "price": "89,99\u00a0\u20ac", "name": "Abendkleid mit Fl\u00fcgel\u00e4rmeln"},
{"image_link": "//media.sheego.de/is/image/sheego/layout_general_leer?fmt=gif-alpha,rgb&wid=325&hei=464", "price": "139,00\u00a0\u20ac", "name": "Abendkleid"},
{"image_link": "//media.sheego.de/is/image/sheego/layout_general_leer?fmt=gif-alpha,rgb&wid=325&hei=464", "price": "119,00\u00a0\u20ac", "name": "Abendkleid mit Pailletten"},
{"image_link": "//media.sheego.de/is/image/sheego/layout_general_leer?fmt=gif-alpha,rgb&wid=325&hei=464", "price": "39,99\u00a0\u20ac", "name": "BASIC Schmale Hose in 7/8-L\u00e4nge"},
{"image_link": "//media.sheego.de/is/image/sheego/layout_general_leer?fmt=gif-alpha,rgb&wid=325&hei=464", "price": "49,99\u00a0\u20ac", "name": "Kleid mit Spitzenborten"},
{"image_link": "//media.sheego.de/is/image/sheego/layout_general_leer?fmt=gif-alpha,rgb&wid=325&hei=464", "price": "49,99\u00a0\u20ac", "name": "Jerseykleid mit Alloverdruck"},
{"image_link": "//media.sheego.de/is/image/sheego/layout_general_leer?fmt=gif-alpha,rgb&wid=325&hei=464", "price": "59,99\u00a0\u20ac", "name": "Stretch-Schlupfhose mit B\u00fcgelfalten"},
{"image_link": "//media.sheego.de/is/image/sheego/layout_general_leer?fmt=gif-alpha,rgb&wid=325&hei=464", "price": "99,00\u00a0\u20ac", "name": "Kleid mit Spitze"},
{"image_link": "//media.sheego.de/is/image/sheego/layout_general_leer?fmt=gif-alpha,rgb&wid=325&hei=464", "price": "139,00\u00a0\u20ac", "name": "Abendkleid mit floraler Spitze"},
{"image_link": "//media.sheego.de/is/image/sheego/layout_general_leer?fmt=gif-alpha,rgb&wid=325&hei=464", "price": "119,00\u00a0\u20ac", "name": "Abendkleid mit Schmuckbrosche"},
{"image_link": "//media.sheego.de/is/image/sheego/layout_general_leer?fmt=gif-alpha,rgb&wid=325&hei=464", "price": "49,99\u00a0\u20ac", "name": "Kleid mit Spitzenborten"},
{"image_link": "//media.sheego.de/is/image/sheego/layout_general_leer?fmt=gif-alpha,rgb&wid=325&hei=464", "price": "119,00\u00a0\u20ac", "name": "Abendkleid aus floraler Spitze"},
{"image_link": "//media.sheego.de/is/image/sheego/layout_general_leer?fmt=gif-alpha,rgb&wid=325&hei=464", "price": "59,99\u00a0\u20ac", "name": "Kleid mit Allover-Paisleydruck"},
{"image_link": "//media.sheego.de/is/image/sheego/layout_general_leer?fmt=gif-alpha,rgb&wid=325&hei=464", "price": "39,99\u00a0\u20ac", "name": "BASIC Schmale Hose in 7/8-L\u00e4nge"},
{"image_link": "//media.sheego.de/is/image/sheego/layout_general_leer?fmt=gif-alpha,rgb&wid=325&hei=464", "price": "129,00\u00a0\u20ac", "name": "Cocktailkleid aus Spitze"},
{"image_link": "//media.sheego.de/is/image/sheego/layout_general_leer?fmt=gif-alpha,rgb&wid=325&hei=464", "price": "29,99\u00a0\u20ac", "name": "Shirt mit raffiniertem Ausschnitt"},
{"image_link": "//media.sheego.de/is/image/sheego/layout_general_leer?fmt=gif-alpha,rgb&wid=325&hei=464", "price": "14,99\u00a0\u20ac", "name": "BASIC T-Shirt mit garngef\u00e4rbten Ringeln"},
{"image_link": "//media.sheego.de/is/image/sheego/layout_general_leer?fmt=gif-alpha,rgb&wid=325&hei=464", "price": "29,99\u00a0\u20ac", "name": "Shirt im Materialmix"},
{"image_link": "//media.sheego.de/is/image/sheego/layout_general_leer?fmt=gif-alpha,rgb&wid=325&hei=464", "price": "59,99\u00a0\u20ac", "name": "Gerade Stretch-Hose mit Shape-Effekt"},
{"image_link": "//media.sheego.de/is/image/sheego/layout_general_leer?fmt=gif-alpha,rgb&wid=325&hei=464", "price": "99,00\u00a0\u20ac", "name": "Cocktailkleid mit weit schwingendem Rockteil"},
{"image_link": "//media.sheego.de/is/image/sheego/layout_general_leer?fmt=gif-alpha,rgb&wid=325&hei=464", "price": "49,99\u00a0\u20ac", "name": "Jerseykleid mit Volant\u00e4rmeln"},
{"image_link": "//media.sheego.de/is/image/sheego/layout_general_leer?fmt=gif-alpha,rgb&wid=325&hei=464", "price": "49,99\u00a0\u20ac", "name": "Jerseykleid mit Bindeband"},
{"image_link": "//media.sheego.de/is/image/sheego/layout_general_leer?fmt=gif-alpha,rgb&wid=325&hei=464", "price": "19,99\u00a0\u20ac", "name": "Langarmshirt mit Spitze"},
{"image_link": "//media.sheego.de/is/image/sheego/layout_general_leer?fmt=gif-alpha,rgb&wid=325&hei=464", "price": "17,99\u00a0\u20ac", "name": "T-Shirt mit Ringeln und Sternen"},
{"image_link": "//media.sheego.de/is/image/sheego/layout_general_leer?fmt=gif-alpha,rgb&wid=325&hei=464", "price": "17,99\u00a0\u20ac", "name": "BASIC T-Shirt mit garngef\u00e4rbten Ringeln"},
{"image_link": "//media.sheego.de/is/image/sheego/layout_general_leer?fmt=gif-alpha,rgb&wid=325&hei=464", "price": "139,00\u00a0\u20ac", "name": "Abendkleid mit floraler Spitze"},
{"image_link": "//media.sheego.de/is/image/sheego/layout_general_leer?fmt=gif-alpha,rgb&wid=325&hei=464", "price": "39,99\u00a0\u20ac", "name": "Shirt im Materialmix"},
{"image_link": "//media.sheego.de/is/image/sheego/layout_general_leer?fmt=gif-alpha,rgb&wid=325&hei=464", "price": "39,99\u00a0\u20ac", "name": "Langarmshirt mit Tiermotiv-Druck"},
{"image_link": "//media.sheego.de/is/image/sheego/layout_general_leer?fmt=gif-alpha,rgb&wid=325&hei=464", "price": "39,99\u00a0\u20ac", "name": "Jerseykleid mit Alloverdruck"},
{"image_link": "//media.sheego.de/is/image/sheego/layout_general_leer?fmt=gif-alpha,rgb&wid=325&hei=464", "price": "29,99\u00a0\u20ac", "name": "Longshirt in Zipfelform"},
{"image_link": "//media.sheego.de/is/image/sheego/layout_general_leer?fmt=gif-alpha,rgb&wid=325&hei=464", "price": "34,99\u00a0\u20ac", "name": "Jerseyshirt mit Bindeband hinten"},
{"image_link": "//media.sheego.de/is/image/sheego/layout_general_leer?fmt=gif-alpha,rgb&wid=325&hei=464", "price": "29,99\u00a0\u20ac", "name": "Shirt in Wickeloptik"},
{"image_link": "//media.sheego.de/is/image/sheego/layout_general_leer?fmt=gif-alpha,rgb&wid=325&hei=464", "price": "99,00\u00a0\u20ac", "name": "Cocktailkleid aus Spitze"},
{"image_link": "//media.sheego.de/is/image/sheego/layout_general_leer?fmt=gif-alpha,rgb&wid=325&hei=464", "price": "59,99\u00a0\u20ac", "name": "Skinny Power-Stretch-Jeans mit Kontrasteffekten"},
{"image_link": "//media.sheego.de/is/image/sheego/layout_general_leer?fmt=gif-alpha,rgb&wid=325&hei=464", "price": "59,99\u00a0\u20ac", "name": "Chiffonkleid in Oil-washed-Optik, jedes Teil ein Unikat"},
{"image_link": "//media.sheego.de/is/image/sheego/layout_general_leer?fmt=gif-alpha,rgb&wid=325&hei=464", "price": "34,99\u00a0\u20ac", "name": "Jerseykleid in Oil-washed-Optik"},
{"image_link": "//media.sheego.de/is/image/sheego/layout_general_leer?fmt=gif-alpha,rgb&wid=325&hei=464", "price": "24,99\u00a0\u20ac", "name": "T-Shirt mit Schlitz im R\u00fcckenteil"},
{"image_link": "//media.sheego.de/is/image/sheego/layout_general_leer?fmt=gif-alpha,rgb&wid=325&hei=464", "price": "24,99\u00a0\u20ac", "name": "T-Shirt mit Schlitz im R\u00fcckenteil"},
{"image_link": "//media.sheego.de/is/image/sheego/layout_general_leer?fmt=gif-alpha,rgb&wid=325&hei=464", "price": "19,99\u00a0\u20ac", "name": "T-Shirt in Zipfelform"},
{"image_link": "//media.sheego.de/is/image/sheego/layout_general_leer?fmt=gif-alpha,rgb&wid=325&hei=464", "price": "39,99\u00a0\u20ac", "name": "Tamaris Pumps"},
{"image_link": "//media.sheego.de/is/image/sheego/layout_general_leer?fmt=gif-alpha,rgb&wid=325&hei=464", "price": "19,99\u00a0\u20ac", "name": "T-Shirt in Zipfelform"},
{"image_link": "//media.sheego.de/is/image/sheego/layout_general_leer?fmt=gif-alpha,rgb&wid=325&hei=464", "price": "69,99\u00a0\u20ac", "name": "Jeanskleid mit 3/4-\u00c4rmeln"},
{"image_link": "//media.sheego.de/is/image/sheego/layout_general_leer?fmt=gif-alpha,rgb&wid=325&hei=464", "price": "59,99\u00a0\u20ac", "name": "Chiffonkleid in Oil-washed-Optik, jedes Teil ein Unikat"},
{"image_link": "//media.sheego.de/is/image/sheego/layout_general_leer?fmt=gif-alpha,rgb&wid=325&hei=464", "price": "59,99\u00a0\u20ac", "name": "Stretch-Jeans im Boyfriend-Look"},
{"image_link": "//media.sheego.de/is/image/sheego/layout_general_leer?fmt=gif-alpha,rgb&wid=325&hei=464", "price": "39,99\u00a0\u20ac", "name": "Shirt im Materialmix"},
{"image_link": "//media.sheego.de/is/image/sheego/layout_general_leer?fmt=gif-alpha,rgb&wid=325&hei=464", "price": "39,99\u00a0\u20ac", "name": "s.Oliver RED LABEL Slipper"},
{"image_link": "//media.sheego.de/is/image/sheego/layout_general_leer?fmt=gif-alpha,rgb&wid=325&hei=464", "price": "39,99\u00a0\u20ac", "name": "Tamaris Pumps"},
{"image_link": "//media.sheego.de/is/image/sheego/layout_general_leer?fmt=gif-alpha,rgb&wid=325&hei=464", "price": "59,99\u00a0\u20ac", "name": "Spangenpumps"},
{"image_link": "//media.sheego.de/is/image/sheego/layout_general_leer?fmt=gif-alpha,rgb&wid=325&hei=464", "price": "59,99\u00a0\u20ac", "name": "Spangenpumps"},
{"image_link": "//media.sheego.de/is/image/sheego/layout_general_leer?fmt=gif-alpha,rgb&wid=325&hei=464", "price": "39,99\u00a0\u20ac", "name": "Tamaris Pantolette"},
{"image_link": "//media.sheego.de/is/image/sheego/layout_general_leer?fmt=gif-alpha,rgb&wid=325&hei=464", "price": "59,99\u00a0\u20ac", "name": "Jeansbluse mit Lochnieten"},
{"image_link": "//media.sheego.de/is/image/sheego/layout_general_leer?fmt=gif-alpha,rgb&wid=325&hei=464", "price": "49,99\u00a0\u20ac", "name": "Latzkleid aus Jeans"},
{"image_link": "//media.sheego.de/is/image/sheego/layout_general_leer?fmt=gif-alpha,rgb&wid=325&hei=464", "price": "24,99\u00a0\u20ac", "name": "T-Shirt mit Schlitz im R\u00fcckenteil"},
{"image_link": "//media.sheego.de/is/image/sheego/layout_general_leer?fmt=gif-alpha,rgb&wid=325&hei=464", "price": "17,99\u00a0\u20ac", "name": "T-Shirt mit Volants"},
{"image_link": "//media.sheego.de/is/image/sheego/layout_general_leer?fmt=gif-alpha,rgb&wid=325&hei=464", "price": "17,99\u00a0\u20ac", "name": "T-Shirt mit Volants"},
{"image_link": "//media.sheego.de/is/image/sheego/layout_general_leer?fmt=gif-alpha,rgb&wid=325&hei=464", "price": "59,99\u00a0\u20ac", "name": "T-Strap Pumps \u00bbIsabella\u00ab"},
{"image_link": "//media.sheego.de/is/image/sheego/layout_general_leer?fmt=gif-alpha,rgb&wid=325&hei=464", "price": "39,99\u00a0\u20ac", "name": "Slipper"},
{"image_link": "//media.sheego.de/is/image/sheego/layout_general_leer?fmt=gif-alpha,rgb&wid=325&hei=464", "price": "39,99\u00a0\u20ac", "name": "Tamaris Pumps"},
{"image_link": "//media.sheego.de/is/image/sheego/layout_general_leer?fmt=gif-alpha,rgb&wid=325&hei=464", "price": "59,99\u00a0\u20ac", "name": "Schn\u00fcrboots"},
{"image_link": "//media.sheego.de/is/image/sheego/layout_general_leer?fmt=gif-alpha,rgb&wid=325&hei=464", "price": "69,99\u00a0\u20ac", "name": "Oversize-Tankini im aktuellen Design"},
{"image_link": "//media.sheego.de/is/image/sheego/layout_general_leer?fmt=gif-alpha,rgb&wid=325&hei=464", "price": "49,99\u00a0\u20ac", "name": "Blusenjacke mit Kapuze"},
{"image_link": "//media.sheego.de/is/image/sheego/layout_general_leer?fmt=gif-alpha,rgb&wid=325&hei=464", "price": "39,99\u00a0\u20ac", "name": "Tunika mit Alloverdruck"},
{"image_link": "//media.sheego.de/is/image/sheego/layout_general_leer?fmt=gif-alpha,rgb&wid=325&hei=464", "price": "39,99\u00a0\u20ac", "name": "Tunika mit Alloverdruck"},
{"image_link": "//media.sheego.de/is/image/sheego/layout_general_leer?fmt=gif-alpha,rgb&wid=325&hei=464", "price": "24,99\u00a0\u20ac", "name": "Shirt mit Stickerei"},
{"image_link": "//media.sheego.de/is/image/sheego/layout_general_leer?fmt=gif-alpha,rgb&wid=325&hei=464", "price": "39,99\u00a0\u20ac", "name": "s.Oliver RED LABEL Pumps"},
{"image_link": "//media.sheego.de/is/image/sheego/layout_general_leer?fmt=gif-alpha,rgb&wid=325&hei=464", "price": "39,99\u00a0\u20ac", "name": "s.Oliver RED LABEL Pumps"},
{"image_link": "//media.sheego.de/is/image/sheego/layout_general_leer?fmt=gif-alpha,rgb&wid=325&hei=464", "price": "79,99\u00a0\u20ac", "name": "Tamaris Chelseaboots \u00bbFreya\u00ab"},
{"image_link": "//media.sheego.de/is/image/sheego/layout_general_leer?fmt=gif-alpha,rgb&wid=325&hei=464", "price": "39,99\u00a0\u20ac", "name": "Sneaker"},
{"image_link": "//media.sheego.de/is/image/sheego/layout_general_leer?fmt=gif-alpha,rgb&wid=325&hei=464", "price": "69,99\u00a0\u20ac", "name": "s.Oliver RED LABEL Beachwear Oversize-Tankini im Rauten-Design"},
{"image_link": "//media.sheego.de/is/image/sheego/layout_general_leer?fmt=gif-alpha,rgb&wid=325&hei=464", "price": "ab\u00a069,99\u00a0\u20ac", "name": "Badeanzugkleid mit Kontrasteins\u00e4tzen"},
{"image_link": "//media.sheego.de/is/image/sheego/layout_general_leer?fmt=gif-alpha,rgb&wid=325&hei=464", "price": "ab\u00a044,99\u00a0\u20ac", "name": "Badeshorts aus Microfaser"},
{"image_link": "//media.sheego.de/is/image/sheego/layout_general_leer?fmt=gif-alpha,rgb&wid=325&hei=464", "price": "69,99\u00a0\u20ac", "name": "KangaROOS Oversize-Tankini im angesagten Ethno-Look"},
{"image_link": "//media.sheego.de/is/image/sheego/layout_general_leer?fmt=gif-alpha,rgb&wid=325&hei=464", "price": "24,99\u00a0\u20ac", "name": "Shirt mit Stickerei"},
{"image_link": "//media.sheego.de/is/image/sheego/layout_general_leer?fmt=gif-alpha,rgb&wid=325&hei=464", "price": "59,99\u00a0\u20ac", "name": "Jerseykleid im Carmenstil"},
{"image_link": "//media.sheego.de/is/image/sheego/layout_general_leer?fmt=gif-alpha,rgb&wid=325&hei=464", "price": "49,99\u00a0\u20ac", "name": "Weste mit goldfarbenen Details"},
{"image_link": "//media.sheego.de/is/image/sheego/layout_general_leer?fmt=gif-alpha,rgb&wid=325&hei=464", "price": "49,99\u00a0\u20ac", "name": "Weste mit goldfarbenen Details"},
{"image_link": "//media.sheego.de/is/image/sheego/layout_general_leer?fmt=gif-alpha,rgb&wid=325&hei=464", "price": "59,99\u00a0\u20ac", "name": "Spangenpumps"},
{"image_link": "//media.sheego.de/is/image/sheego/layout_general_leer?fmt=gif-alpha,rgb&wid=325&hei=464", "price": "59,99\u00a0\u20ac", "name": "Westernstiefelette"},
{"image_link": "//media.sheego.de/is/image/sheego/layout_general_leer?fmt=gif-alpha,rgb&wid=325&hei=464", "price": "39,99\u00a0\u20ac", "name": "Slipper"},
{"image_link": "//media.sheego.de/is/image/sheego/layout_general_leer?fmt=gif-alpha,rgb&wid=325&hei=464", "price": "49,99\u00a0\u20ac", "name": "Tamaris Ballerina"},
{"image_link": "//media.sheego.de/is/image/sheego/layout_general_leer?fmt=gif-alpha,rgb&wid=325&hei=464", "price": "69,99\u00a0\u20ac", "name": "Tamaris Pumps \u00bbNydia\u00ab"},
{"image_link": "//media.sheego.de/is/image/sheego/layout_general_leer?fmt=gif-alpha,rgb&wid=325&hei=464", "price": "ab\u00a070,99\u00a0\u20ac", "name": "Tankini"},
{"image_link": "//media.sheego.de/is/image/sheego/layout_general_leer?fmt=gif-alpha,rgb&wid=325&hei=464", "price": "ab\u00a074,99\u00a0\u20ac", "name": "Oversize-Tankini im Streifendesign"},
{"image_link": "//media.sheego.de/is/image/sheego/layout_general_leer?fmt=gif-alpha,rgb&wid=325&hei=464", "price": "ab\u00a038,99\u00a0\u20ac", "name": "Bikini-Hose"},
{"image_link": "//media.sheego.de/is/image/sheego/layout_general_leer?fmt=gif-alpha,rgb&wid=325&hei=464", "price": "ab\u00a074,99\u00a0\u20ac", "name": "Oversize-Tankini im modischen P\u00fcnktchen-Design"},
{"image_link": "//media.sheego.de/is/image/sheego/layout_general_leer?fmt=gif-alpha,rgb&wid=325&hei=464", "price": "ab\u00a070,99\u00a0\u20ac", "name": "Tankini"},
{"image_link": "//media.sheego.de/is/image/sheego/layout_general_leer?fmt=gif-alpha,rgb&wid=325&hei=464", "price": "24,99\u00a0\u20ac", "name": "T-Shirt mit Pailletten"},
{"image_link": "//media.sheego.de/is/image/sheego/layout_general_leer?fmt=gif-alpha,rgb&wid=325&hei=464", "price": "24,99\u00a0\u20ac", "name": "T-Shirt mit individuellem Frontdruck"},
{"image_link": "//media.sheego.de/is/image/sheego/layout_general_leer?fmt=gif-alpha,rgb&wid=325&hei=464", "price": "49,99\u00a0\u20ac", "name": "2-in-1-Tunika"},
{"image_link": "//media.sheego.de/is/image/sheego/layout_general_leer?fmt=gif-alpha,rgb&wid=325&hei=464", "price": "14,99\u00a0\u20ac", "name": "Top mit Frontdruck"},
{"image_link": "//media.sheego.de/is/image/sheego/layout_general_leer?fmt=gif-alpha,rgb&wid=325&hei=464", "price": "49,99\u00a0\u20ac", "name": "Kleid mit Alloverdruck"},
{"image_link": "//media.sheego.de/is/image/sheego/layout_general_leer?fmt=gif-alpha,rgb&wid=325&hei=464", "price": "69,99\u00a0\u20ac", "name": "Tamaris Pumps \u00bbNydia\u00ab"},
{"image_link": "//media.sheego.de/is/image/sheego/layout_general_leer?fmt=gif-alpha,rgb&wid=325&hei=464", "price": "39,99\u00a0\u20ac", "name": "Ankleboots"},
{"image_link": "//media.sheego.de/is/image/sheego/layout_general_leer?fmt=gif-alpha,rgb&wid=325&hei=464", "price": "59,99\u00a0\u20ac", "name": "Schn\u00fcrboots"},
{"image_link": "//media.sheego.de/is/image/sheego/layout_general_leer?fmt=gif-alpha,rgb&wid=325&hei=464", "price": "69,99\u00a0\u20ac", "name": "Westernstiefelette"},
{"image_link": "//media.sheego.de/is/image/sheego/layout_general_leer?fmt=gif-alpha,rgb&wid=325&hei=464", "price": "59,99\u00a0\u20ac", "name": "Hochfrontpumps"},
{"image_link": "//media.sheego.de/is/image/sheego/layout_general_leer?fmt=gif-alpha,rgb&wid=325&hei=464", "price": "ab\u00a070,99\u00a0\u20ac", "name": "Tankini"},
{"image_link": "//media.sheego.de/is/image/sheego/layout_general_leer?fmt=gif-alpha,rgb&wid=325&hei=464", "price": "ab\u00a064,99\u00a0\u20ac", "name": "B\u00fcgel-Tankini im P\u00fcnktchendesign"},
{"image_link": "//media.sheego.de/is/image/sheego/layout_general_leer?fmt=gif-alpha,rgb&wid=325&hei=464", "price": "ab\u00a070,99\u00a0\u20ac", "name": "B\u00fcgel-Tankini"},
{"image_link": "//media.sheego.de/is/image/sheego/layout_general_leer?fmt=gif-alpha,rgb&wid=325&hei=464", "price": "ab\u00a070,99\u00a0\u20ac", "name": "Tankini"},
{"image_link": "//media.sheego.de/is/image/sheego/layout_general_leer?fmt=gif-alpha,rgb&wid=325&hei=464", "price": "54,99\u00a0\u20ac", "name": "Bade- und Schwimmshirt seitlich zu raffen"},
{"image_link": "//media.sheego.de/is/image/sheego/layout_general_leer?fmt=gif-alpha,rgb&wid=325&hei=464", "price": "14,99\u00a0\u20ac", "name": "Top mit Frontdruck"},
{"image_link": "//media.sheego.de/is/image/sheego/layout_general_leer?fmt=gif-alpha,rgb&wid=325&hei=464", "price": "24,99\u00a0\u20ac", "name": "Shirt mit Alloverdruck"},
{"image_link": "//media.sheego.de/is/image/sheego/layout_general_leer?fmt=gif-alpha,rgb&wid=325&hei=464", "price": "14,99\u00a0\u20ac", "name": "T-Shirt mit Frontdruck"},
{"image_link": "//media.sheego.de/is/image/sheego/layout_general_leer?fmt=gif-alpha,rgb&wid=325&hei=464", "price": "14,99\u00a0\u20ac", "name": "T-Shirt mit Frontdruck"},
{"image_link": "//media.sheego.de/is/image/sheego/layout_general_leer?fmt=gif-alpha,rgb&wid=325&hei=464", "price": "17,99\u00a0\u20ac", "name": "T-Shirt mit Frontdruck"},
{"image_link": "//media.sheego.de/is/image/sheego/layout_general_leer?fmt=gif-alpha,rgb&wid=325&hei=464", "price": "129,00\u00a0\u20ac", "name": "Cocktailkleid aus Spitze"},
{"image_link": "//media.sheego.de/is/image/sheego/layout_general_leer?fmt=gif-alpha,rgb&wid=325&hei=464", "price": "79,99\u00a0\u20ac", "name": "Cocktailkleid mit Bindeg\u00fcrtel"},
{"image_link": "//media.sheego.de/is/image/sheego/layout_general_leer?fmt=gif-alpha,rgb&wid=325&hei=464", "price": "119,00\u00a0\u20ac", "name": "Abendkleid mit Pailletten"},
{"image_link": "//media.sheego.de/is/image/sheego/layout_general_leer?fmt=gif-alpha,rgb&wid=325&hei=464", "price": "119,00\u00a0\u20ac", "name": "Abendkleid aus floraler Spitze"},
{"image_link": "//media.sheego.de/is/image/sheego/layout_general_leer?fmt=gif-alpha,rgb&wid=325&hei=464", "price": "99,00\u00a0\u20ac", "name": "Kleid mit Spitze"},
{"image_link": "//media.sheego.de/is/image/sheego/layout_general_leer?fmt=gif-alpha,rgb&wid=325&hei=464", "price": "49,99\u00a0\u20ac", "name": "Hochfrontpumps"},
{"image_link": "//media.sheego.de/is/image/sheego/layout_general_leer?fmt=gif-alpha,rgb&wid=325&hei=464", "price": "49,99\u00a0\u20ac", "name": "s.Oliver RED LABEL Spangenpumps"},
{"image_link": "//media.sheego.de/is/image/sheego/layout_general_leer?fmt=gif-alpha,rgb&wid=325&hei=464", "price": "59,99\u00a0\u20ac", "name": "s.Oliver RED LABEL Stiefelette"},
{"image_link": "//media.sheego.de/is/image/sheego/layout_general_leer?fmt=gif-alpha,rgb&wid=325&hei=464", "price": "99,99\u00a0\u20ac", "name": "Stiefelette"},
{"image_link": "//media.sheego.de/is/image/sheego/layout_general_leer?fmt=gif-alpha,rgb&wid=325&hei=464", "price": "59,99\u00a0\u20ac", "name": "Schn\u00fcrboots"},
{"image_link": "//media.sheego.de/is/image/sheego/layout_general_leer?fmt=gif-alpha,rgb&wid=325&hei=464", "price": "ab\u00a030,99\u00a0\u20ac", "name": "Taillenhose \u00bbBauch weg\u00ab"},
{"image_link": "//media.sheego.de/is/image/sheego/layout_general_leer?fmt=gif-alpha,rgb&wid=325&hei=464", "price": "ab\u00a065,99\u00a0\u20ac", "name": "B\u00fcgel-Tankini"},
{"image_link": "//media.sheego.de/is/image/sheego/layout_general_leer?fmt=gif-alpha,rgb&wid=325&hei=464", "price": "ab\u00a070,99\u00a0\u20ac", "name": "Badeanzug"},
{"image_link": "//media.sheego.de/is/image/sheego/layout_general_leer?fmt=gif-alpha,rgb&wid=325&hei=464", "price": "ab\u00a074,99\u00a0\u20ac", "name": "Tankini mit bedruckten Kontrastdetails"},
{"image_link": "//media.sheego.de/is/image/sheego/layout_general_leer?fmt=gif-alpha,rgb&wid=325&hei=464", "price": "ab\u00a074,99\u00a0\u20ac", "name": "Tankini in extralanger Form"},
{"image_link": "//media.sheego.de/is/image/sheego/layout_general_leer?fmt=gif-alpha,rgb&wid=325&hei=464", "price": "17,99\u00a0\u20ac", "name": "T-Shirt mit Frontdruck"},
{"image_link": "//media.sheego.de/is/image/sheego/layout_general_leer?fmt=gif-alpha,rgb&wid=325&hei=464", "price": "49,99\u00a0\u20ac", "name": "Culotte mit Bundfalten"},
{"image_link": "//media.sheego.de/is/image/sheego/layout_general_leer?fmt=gif-alpha,rgb&wid=325&hei=464", "price": "49,99\u00a0\u20ac", "name": "Culotte mit Bundfalten"},
{"image_link": "//media.sheego.de/is/image/sheego/layout_general_leer?fmt=gif-alpha,rgb&wid=325&hei=464", "price": "24,99\u00a0\u20ac", "name": "T-Shirt mit Frontdruck"},
{"image_link": "//media.sheego.de/is/image/sheego/layout_general_leer?fmt=gif-alpha,rgb&wid=325&hei=464", "price": "24,99\u00a0\u20ac", "name": "T-Shirt mit Frontdruck"},
{"image_link": "//media.sheego.de/is/image/sheego/layout_general_leer?fmt=gif-alpha,rgb&wid=325&hei=464", "price": "59,99\u00a0\u20ac", "name": "Kleid mit Allover-Paisleydruck"},
{"image_link": "//media.sheego.de/is/image/sheego/layout_general_leer?fmt=gif-alpha,rgb&wid=325&hei=464", "price": "39,99\u00a0\u20ac", "name": "Jerseykleid in Oil-washed-Optik"},
{"image_link": "//media.sheego.de/is/image/sheego/layout_general_leer?fmt=gif-alpha,rgb&wid=325&hei=464", "price": "139,00\u00a0\u20ac", "name": "Abendkleid"},
{"image_link": "//media.sheego.de/is/image/sheego/layout_general_leer?fmt=gif-alpha,rgb&wid=325&hei=464", "price": "99,00\u00a0\u20ac", "name": "Cocktailkleid mit weit schwingendem Rockteil"},
{"image_link": "//media.sheego.de/is/image/sheego/layout_general_leer?fmt=gif-alpha,rgb&wid=325&hei=464", "price": "59,99\u00a0\u20ac", "name": "Stiefelette"},
{"image_link": "//media.sheego.de/is/image/sheego/layout_general_leer?fmt=gif-alpha,rgb&wid=325&hei=464", "price": "ab\u00a064,99\u00a0\u20ac", "name": "Plateausneaker"},
{"image_link": "//media.sheego.de/is/image/sheego/layout_general_leer?fmt=gif-alpha,rgb&wid=325&hei=464", "price": "59,99\u00a0\u20ac", "name": "Schn\u00fcrboots"},
{"image_link": "//media.sheego.de/is/image/sheego/layout_general_leer?fmt=gif-alpha,rgb&wid=325&hei=464", "price": "49,99\u00a0\u20ac", "name": "Pantolette"},
{"image_link": "//media.sheego.de/is/image/sheego/layout_general_leer?fmt=gif-alpha,rgb&wid=325&hei=464", "price": "ab\u00a034,99\u00a0\u20ac", "name": "B\u00fcgel-BH aus Baumwolljacquard im Dirndl-Schnitt (2 St\u00fcck)"},
{"image_link": "//media.sheego.de/is/image/sheego/layout_general_leer?fmt=gif-alpha,rgb&wid=325&hei=464", "price": "ab\u00a032,99\u00a0\u20ac", "name": "Susa Entlastungs-BH ohne B\u00fcgel"},
{"image_link": "//media.sheego.de/is/image/sheego/layout_general_leer?fmt=gif-alpha,rgb&wid=325&hei=464", "price": "19,99\u00a0\u20ac", "name": "Taillenslip (5 St\u00fcck)"},
{"image_link": "//media.sheego.de/is/image/sheego/layout_general_leer?fmt=gif-alpha,rgb&wid=325&hei=464", "price": "ab\u00a034,99\u00a0\u20ac", "name": "B\u00fcgel-BH (2 St\u00fcck)"},
{"image_link": "//media.sheego.de/is/image/sheego/layout_general_leer?fmt=gif-alpha,rgb&wid=325&hei=464", "price": "44,99\u00a0\u20ac", "name": "Badeshorts im kontrastreichen Alloverprint"},
{"image_link": "//media.sheego.de/is/image/sheego/layout_general_leer?fmt=gif-alpha,rgb&wid=325&hei=464", "price": "59,99\u00a0\u20ac", "name": "Bade- und Schwimmshirt seitlich zu raffen"},
{"image_link": "//media.sheego.de/is/image/sheego/layout_general_leer?fmt=gif-alpha,rgb&wid=325&hei=464", "price": "ab\u00a069,99\u00a0\u20ac", "name": "Tankini mit bedruckten Eins\u00e4tzen"},
{"image_link": "//media.sheego.de/is/image/sheego/layout_general_leer?fmt=gif-alpha,rgb&wid=325&hei=464", "price": "ab\u00a074,99\u00a0\u20ac", "name": "KangaROOS Oversize-Tankini in Melange-Optik"},
{"image_link": "//media.sheego.de/is/image/sheego/layout_general_leer?fmt=gif-alpha,rgb&wid=325&hei=464", "price": "14,99\u00a0\u20ac", "name": "Top mit Frontdruck"},
{"image_link": "//media.sheego.de/is/image/sheego/layout_general_leer?fmt=gif-alpha,rgb&wid=325&hei=464", "price": "24,99\u00a0\u20ac", "name": "Shirt mit Alloverdruck"},
{"image_link": "//media.sheego.de/is/image/sheego/layout_general_leer?fmt=gif-alpha,rgb&wid=325&hei=464", "price": "17,99\u00a0\u20ac", "name": "T-Shirt mit Volants"},
{"image_link": "//media.sheego.de/is/image/sheego/layout_general_leer?fmt=gif-alpha,rgb&wid=325&hei=464", "price": "14,99\u00a0\u20ac", "name": "T-Shirt mit Frontdruck"},
{"image_link": "//media.sheego.de/is/image/sheego/layout_general_leer?fmt=gif-alpha,rgb&wid=325&hei=464", "price": "89,99\u00a0\u20ac", "name": "Kleid mit floralem Alloverdruck"},
{"image_link": "//media.sheego.de/is/image/sheego/layout_general_leer?fmt=gif-alpha,rgb&wid=325&hei=464", "price": "119,00\u00a0\u20ac", "name": "Abendkleid mit floraler Spitze"},
{"image_link": "//media.sheego.de/is/image/sheego/layout_general_leer?fmt=gif-alpha,rgb&wid=325&hei=464", "price": "99,00\u00a0\u20ac", "name": "Abendkleid mit Schmuckbrosche"},
{"image_link": "//media.sheego.de/is/image/sheego/layout_general_leer?fmt=gif-alpha,rgb&wid=325&hei=464", "price": "89,99\u00a0\u20ac", "name": "Bahnenkleid mit tollem Alloverprint"},
{"image_link": "//media.sheego.de/is/image/sheego/layout_general_leer?fmt=gif-alpha,rgb&wid=325&hei=464", "price": "39,99\u00a0\u20ac", "name": "Clog"},
{"image_link": "//media.sheego.de/is/image/sheego/layout_general_leer?fmt=gif-alpha,rgb&wid=325&hei=464", "price": "59,99\u00a0\u20ac", "name": "Westernstiefelette"},
{"image_link": "//media.sheego.de/is/image/sheego/layout_general_leer?fmt=gif-alpha,rgb&wid=325&hei=464", "price": "59,99\u00a0\u20ac", "name": "Westernstiefelette"},
{"image_link": "//media.sheego.de/is/image/sheego/layout_general_leer?fmt=gif-alpha,rgb&wid=325&hei=464", "price": "39,99\u00a0\u20ac", "name": "Slipper"},
{"image_link": "//media.sheego.de/is/image/sheego/layout_general_leer?fmt=gif-alpha,rgb&wid=325&hei=464", "price": "19,99\u00a0\u20ac", "name": "Taillenslip (5 St\u00fcck)"},
{"image_link": "//media.sheego.de/is/image/sheego/layout_general_leer?fmt=gif-alpha,rgb&wid=325&hei=464", "price": "ab\u00a032,99\u00a0\u20ac", "name": "BH ohne B\u00fcgel (2 St\u00fcck)"},
{"image_link": "//media.sheego.de/is/image/sheego/layout_general_leer?fmt=gif-alpha,rgb&wid=325&hei=464", "price": "34,99\u00a0\u20ac", "name": "Form-Panty (3 St\u00fcck)"},
{"image_link": "//media.sheego.de/is/image/sheego/layout_general_leer?fmt=gif-alpha,rgb&wid=325&hei=464", "price": "24,99\u00a0\u20ac", "name": "Jazzpants (5 St\u00fcck)"},
{"image_link": "//media.sheego.de/is/image/sheego/layout_general_leer?fmt=gif-alpha,rgb&wid=325&hei=464", "price": "19,99\u00a0\u20ac", "name": "Taillenslip (5 St\u00fcck)"},
{"image_link": "//media.sheego.de/is/image/sheego/layout_general_leer?fmt=gif-alpha,rgb&wid=325&hei=464", "price": "ab\u00a070,99\u00a0\u20ac", "name": "B\u00fcgel-Tankini im Punkte-Design"},
{"image_link": "//media.sheego.de/is/image/sheego/layout_general_leer?fmt=gif-alpha,rgb&wid=325&hei=464", "price": "ab\u00a044,99\u00a0\u20ac", "name": "Badeshorts aus Microfaser"},
{"image_link": "//media.sheego.de/is/image/sheego/layout_general_leer?fmt=gif-alpha,rgb&wid=325&hei=464", "price": "69,99\u00a0\u20ac", "name": "Oversize-Tankini in sch\u00f6nem Floralprint"},
{"image_link": "//media.sheego.de/is/image/sheego/layout_general_leer?fmt=gif-alpha,rgb&wid=325&hei=464", "price": "ab\u00a065,99\u00a0\u20ac", "name": "Badeanzug mit Kontrastpaspelierungen"},
{"image_link": "//media.sheego.de/is/image/sheego/layout_general_leer?fmt=gif-alpha,rgb&wid=325&hei=464", "price": "ab\u00a064,99\u00a0\u20ac", "name": "s.Oliver RED LABEL Beachwear B\u00fcgel-Tankini im Retrodesign"},
{"image_link": "//media.sheego.de/is/image/sheego/layout_general_leer?fmt=gif-alpha,rgb&wid=325&hei=464", "price": "14,99\u00a0\u20ac", "name": "Top mit Frontdruck"},
{"image_link": "//media.sheego.de/is/image/sheego/layout_general_leer?fmt=gif-alpha,rgb&wid=325&hei=464", "price": "24,99\u00a0\u20ac", "name": "T-Shirt mit individuellem Frontdruck"},
{"image_link": "//media.sheego.de/is/image/sheego/layout_general_leer?fmt=gif-alpha,rgb&wid=325&hei=464", "price": "24,99\u00a0\u20ac", "name": "Shirt mit Stickerei"},
{"image_link": "//media.sheego.de/is/image/sheego/layout_general_leer?fmt=gif-alpha,rgb&wid=325&hei=464", "price": "29,99\u00a0\u20ac", "name": "Longshirt in Zipfel-Optik"},
{"image_link": "//media.sheego.de/is/image/sheego/layout_general_leer?fmt=gif-alpha,rgb&wid=325&hei=464", "price": "29,99\u00a0\u20ac", "name": "Longshirt in Zipfel-Optik"},
{"image_link": "//media.sheego.de/is/image/sheego/layout_general_leer?fmt=gif-alpha,rgb&wid=325&hei=464", "price": "34,99\u00a0\u20ac", "name": "Capri-Stretch-Jeans"},
{"image_link": "//media.sheego.de/is/image/sheego/layout_general_leer?fmt=gif-alpha,rgb&wid=325&hei=464", "price": "119,00\u00a0\u20ac", "name": "Abendkleid mit floraler Spitze"},
{"image_link": "//media.sheego.de/is/image/sheego/layout_general_leer?fmt=gif-alpha,rgb&wid=325&hei=464", "price": "99,00\u00a0\u20ac", "name": "Kleid"},
{"image_link": "//media.sheego.de/is/image/sheego/layout_general_leer?fmt=gif-alpha,rgb&wid=325&hei=464", "price": "89,99\u00a0\u20ac", "name": "Kleid"},
{"image_link": "//media.sheego.de/is/image/sheego/layout_general_leer?fmt=gif-alpha,rgb&wid=325&hei=464", "price": "79,99\u00a0\u20ac", "name": "Cocktailkleid mit Bindeg\u00fcrtel"},
{"image_link": "//media.sheego.de/is/image/sheego/layout_general_leer?fmt=gif-alpha,rgb&wid=325&hei=464", "price": "39,99\u00a0\u20ac", "name": "Tamaris High-Heel-Pumps \u00bbTaggia\u00ab"},
{"image_link": "//media.sheego.de/is/image/sheego/layout_general_leer?fmt=gif-alpha,rgb&wid=325&hei=464", "price": "39,99\u00a0\u20ac", "name": "Ankleboots"},
{"image_link": "//media.sheego.de/is/image/sheego/layout_general_leer?fmt=gif-alpha,rgb&wid=325&hei=464", "price": "39,99\u00a0\u20ac", "name": "Tamaris High-Heel-Pumps"},
{"image_link": "//media.sheego.de/is/image/sheego/layout_general_leer?fmt=gif-alpha,rgb&wid=325&hei=464", "price": "39,99\u00a0\u20ac", "name": "Tamaris High-Heel-Pumps"},
{"image_link": "//media.sheego.de/is/image/sheego/layout_general_leer?fmt=gif-alpha,rgb&wid=325&hei=464", "price": "69,99\u00a0\u20ac", "name": "Sneaker"},
{"image_link": "//media.sheego.de/is/image/sheego/layout_general_leer?fmt=gif-alpha,rgb&wid=325&hei=464", "price": "ab\u00a032,99\u00a0\u20ac", "name": "B\u00fcgel-BH (2 St\u00fcck)"},
{"image_link": "//media.sheego.de/is/image/sheego/layout_general_leer?fmt=gif-alpha,rgb&wid=325&hei=464", "price": "ab\u00a034,99\u00a0\u20ac", "name": "Nuance B\u00fcgel-BH (2 St\u00fcck)"},
{"image_link": "//media.sheego.de/is/image/sheego/layout_general_leer?fmt=gif-alpha,rgb&wid=325&hei=464", "price": "ab\u00a039,99\u00a0\u20ac", "name": "B\u00fcgel-BH mit elastischer Spitze (2 St\u00fcck)"},
{"image_link": "//media.sheego.de/is/image/sheego/layout_general_leer?fmt=gif-alpha,rgb&wid=325&hei=464", "price": "ab\u00a030,99\u00a0\u20ac", "name": "Taillenhose \u00bbBauch weg\u00ab"},
{"image_link": "//media.sheego.de/is/image/sheego/layout_general_leer?fmt=gif-alpha,rgb&wid=325&hei=464", "price": "39,99\u00a0\u20ac", "name": "Taillenformer-Slip (2 St\u00fcck)"},
{"image_link": "//media.sheego.de/is/image/sheego/layout_general_leer?fmt=gif-alpha,rgb&wid=325&hei=464", "price": "ab\u00a038,99\u00a0\u20ac", "name": "Bikini-Hose"},
{"image_link": "//media.sheego.de/is/image/sheego/layout_general_leer?fmt=gif-alpha,rgb&wid=325&hei=464", "price": "ab\u00a054,99\u00a0\u20ac", "name": "Oversize-Tankini-Top im fantasievollen Design"},
{"image_link": "//media.sheego.de/is/image/sheego/layout_general_leer?fmt=gif-alpha,rgb&wid=325&hei=464", "price": "ab\u00a074,99\u00a0\u20ac", "name": "Oversize-Tankini im modischen P\u00fcnktchen-Design"},
{"image_link": "//media.sheego.de/is/image/sheego/layout_general_leer?fmt=gif-alpha,rgb&wid=325&hei=464", "price": "ab\u00a074,99\u00a0\u20ac", "name": "Badeanzug"},
{"image_link": "//media.sheego.de/is/image/sheego/layout_general_leer?fmt=gif-alpha,rgb&wid=325&hei=464", "price": "ab\u00a056,99\u00a0\u20ac", "name": "Oversize-Tankini-Top \u00bbMagic\u00ab im modischen Druckdesign"},
{"image_link": "//media.sheego.de/is/image/sheego/layout_general_leer?fmt=gif-alpha,rgb&wid=325&hei=464", "price": "49,99\u00a0\u20ac", "name": "Culotte mit Bundfalten"},
{"image_link": "//media.sheego.de/is/image/sheego/layout_general_leer?fmt=gif-alpha,rgb&wid=325&hei=464", "price": "119,00\u00a0\u20ac", "name": "Abendkleid mit Schmuckbrosche"},
{"image_link": "//media.sheego.de/is/image/sheego/layout_general_leer?fmt=gif-alpha,rgb&wid=325&hei=464", "price": "99,00\u00a0\u20ac", "name": "Abendkleid mit Schmuckbrosche"},
{"image_link": "//media.sheego.de/is/image/sheego/layout_general_leer?fmt=gif-alpha,rgb&wid=325&hei=464", "price": "89,99\u00a0\u20ac", "name": "Abendkleid mit Fl\u00fcgel\u00e4rmeln"},
{"image_link": "//media.sheego.de/is/image/sheego/layout_general_leer?fmt=gif-alpha,rgb&wid=325&hei=464", "price": "139,00\u00a0\u20ac", "name": "Abendkleid"},
{"image_link": "//media.sheego.de/is/image/sheego/layout_general_leer?fmt=gif-alpha,rgb&wid=325&hei=464", "price": "119,00\u00a0\u20ac", "name": "Abendkleid mit Pailletten"},
{"image_link": "//media.sheego.de/is/image/sheego/layout_general_leer?fmt=gif-alpha,rgb&wid=325&hei=464", "price": "79,99\u00a0\u20ac", "name": "Schn\u00fcrboots"},
{"image_link": "//media.sheego.de/is/image/sheego/layout_general_leer?fmt=gif-alpha,rgb&wid=325&hei=464", "price": "59,99\u00a0\u20ac", "name": "Tom Tailor Sneaker"},
{"image_link": "//media.sheego.de/is/image/sheego/layout_general_leer?fmt=gif-alpha,rgb&wid=325&hei=464", "price": "99,99\u00a0\u20ac", "name": "Schn\u00fcrstiefelette"},
{"image_link": "//media.sheego.de/is/image/sheego/layout_general_leer?fmt=gif-alpha,rgb&wid=325&hei=464", "price": "69,99\u00a0\u20ac", "name": "Winterstiefel"},
{"image_link": "//media.sheego.de/is/image/sheego/layout_general_leer?fmt=gif-alpha,rgb&wid=325&hei=464", "price": "ab\u00a032,99\u00a0\u20ac", "name": "BH ohne B\u00fcgel (2 St\u00fcck)"},
{"image_link": "//media.sheego.de/is/image/sheego/layout_general_leer?fmt=gif-alpha,rgb&wid=325&hei=464", "price": "29,99\u00a0\u20ac", "name": "Sport-BH \u00bbDON'T REST ALPHASKIN SPORT H\u00ab"},
{"image_link": "//media.sheego.de/is/image/sheego/layout_general_leer?fmt=gif-alpha,rgb&wid=325&hei=464", "price": "19,99\u00a0\u20ac", "name": "Taillenslip (5 St\u00fcck)"},
{"image_link": "//media.sheego.de/is/image/sheego/layout_general_leer?fmt=gif-alpha,rgb&wid=325&hei=464", "price": "ab\u00a039,99\u00a0\u20ac", "name": "Entlastungs-BH ohne B\u00fcgel aus angenehmer Baumwolle (2 St\u00fcck)"},
{"image_link": "//media.sheego.de/is/image/sheego/layout_general_leer?fmt=gif-alpha,rgb&wid=325&hei=464", "price": "ab\u00a045,99\u00a0\u20ac", "name": "Bade-Shirt mit Unterbrustgummi"},
{"image_link": "//media.sheego.de/is/image/sheego/layout_general_leer?fmt=gif-alpha,rgb&wid=325&hei=464", "price": "ab\u00a074,99\u00a0\u20ac", "name": "Venice Beach Oversize-Tankini mit trendigem Logoprint"},
{"image_link": "//media.sheego.de/is/image/sheego/layout_general_leer?fmt=gif-alpha,rgb&wid=325&hei=464", "price": "ab\u00a065,99\u00a0\u20ac", "name": "Venice Beach Badeanzug mit Kontrasteins\u00e4tzen"},
{"image_link": "//media.sheego.de/is/image/sheego/layout_general_leer?fmt=gif-alpha,rgb&wid=325&hei=464", "price": "ab\u00a074,99\u00a0\u20ac", "name": "Oversize-Tankini im fantasievollen Trend-Design"},
{"image_link": "//media.sheego.de/is/image/sheego/layout_general_leer?fmt=gif-alpha,rgb&wid=325&hei=464", "price": "ab\u00a070,99\u00a0\u20ac", "name": "Venice Beach B\u00fcgel-Tankini"},
{"image_link": "//media.sheego.de/is/image/sheego/layout_general_leer?fmt=gif-alpha,rgb&wid=325&hei=464", "price": "39,99\u00a0\u20ac", "name": "BASIC Schmale Hose in 7/8-L\u00e4nge"},
{"image_link": "//media.sheego.de/is/image/sheego/layout_general_leer?fmt=gif-alpha,rgb&wid=325&hei=464", "price": "49,99\u00a0\u20ac", "name": "Kleid mit Spitzenborten"},
{"image_link": "//media.sheego.de/is/image/sheego/layout_general_leer?fmt=gif-alpha,rgb&wid=325&hei=464", "price": "49,99\u00a0\u20ac", "name": "Jerseykleid mit Alloverdruck"},
{"image_link": "//media.sheego.de/is/image/sheego/layout_general_leer?fmt=gif-alpha,rgb&wid=325&hei=464", "price": "59,99\u00a0\u20ac", "name": "Stretch-Schlupfhose mit B\u00fcgelfalten"},
{"image_link": "//media.sheego.de/is/image/sheego/layout_general_leer?fmt=gif-alpha,rgb&wid=325&hei=464", "price": "120,00\u00a0\u20ac", "name": "Winterstiefel"},
{"image_link": "//media.sheego.de/is/image/sheego/layout_general_leer?fmt=gif-alpha,rgb&wid=325&hei=464", "price": "120,00\u00a0\u20ac", "name": "Stiefel"},
{"image_link": "//media.sheego.de/is/image/sheego/layout_general_leer?fmt=gif-alpha,rgb&wid=325&hei=464", "price": "32,99\u00a0\u20ac", "name": "Jazzpants (3 St\u00fcck) mit Spitze"},
{"image_link": "//media.sheego.de/is/image/sheego/layout_general_leer?fmt=gif-alpha,rgb&wid=325&hei=464", "price": "19,99\u00a0\u20ac", "name": "H.I.S bequeme Panties (4 St\u00fcck), Gr\u00f6\u00dfe 40-58"},
{"image_link": "//media.sheego.de/is/image/sheego/layout_general_leer?fmt=gif-alpha,rgb&wid=325&hei=464", "price": "ab\u00a025,99\u00a0\u20ac", "name": "H\u00fcftslips (3 St\u00fcck) mit floraler Spitze, \u00bbCotton made in Africa\u00ab"},
{"image_link": "//media.sheego.de/is/image/sheego/layout_general_leer?fmt=gif-alpha,rgb&wid=325&hei=464", "price": "ab\u00a032,99\u00a0\u20ac", "name": "B\u00fcgel-BH (2 St\u00fcck)"},
{"image_link": "//media.sheego.de/is/image/sheego/layout_general_leer?fmt=gif-alpha,rgb&wid=325&hei=464", "price": "ab\u00a019,99\u00a0\u20ac", "name": "Shaping Caprileggings aus leicht gl\u00e4nzender Qualit\u00e4t"},
{"image_link": "//media.sheego.de/is/image/sheego/layout_general_leer?fmt=gif-alpha,rgb&wid=325&hei=464", "price": "ab\u00a065,99\u00a0\u20ac", "name": "B\u00fcgel-Badeanzug"},
{"image_link": "//media.sheego.de/is/image/sheego/layout_general_leer?fmt=gif-alpha,rgb&wid=325&hei=464", "price": "ab\u00a045,99\u00a0\u20ac", "name": "Bade-Shirt mit Unterbrustgummi"},
{"image_link": "//media.sheego.de/is/image/sheego/layout_general_leer?fmt=gif-alpha,rgb&wid=325&hei=464", "price": "ab\u00a089,99\u00a0\u20ac", "name": "Tankini mit bedruckten Kontrasteins\u00e4tzen"},
{"image_link": "//media.sheego.de/is/image/sheego/layout_general_leer?fmt=gif-alpha,rgb&wid=325&hei=464", "price": "ab\u00a044,99\u00a0\u20ac", "name": "Badeshorts aus Microfaser"},
{"image_link": "//media.sheego.de/is/image/sheego/layout_general_leer?fmt=gif-alpha,rgb&wid=325&hei=464", "price": "33,99\u00a0\u20ac", "name": "Bikini-Hose \u00bbFlori\u00ab"},
{"image_link": "//media.sheego.de/is/image/sheego/layout_general_leer?fmt=gif-alpha,rgb&wid=325&hei=464", "price": "99,00\u00a0\u20ac", "name": "Kleid mit Spitze"},
{"image_link": "//media.sheego.de/is/image/sheego/layout_general_leer?fmt=gif-alpha,rgb&wid=325&hei=464", "price": "139,00\u00a0\u20ac", "name": "Abendkleid mit floraler Spitze"},
{"image_link": "//media.sheego.de/is/image/sheego/layout_general_leer?fmt=gif-alpha,rgb&wid=325&hei=464", "price": "99,00\u00a0\u20ac", "name": "Kleid mit kurzem Arm"},
{"image_link": "//media.sheego.de/is/image/sheego/layout_general_leer?fmt=gif-alpha,rgb&wid=325&hei=464", "price": "139,00\u00a0\u20ac", "name": "Langes Spitzenkleid"},
{"image_link": "//media.sheego.de/is/image/sheego/layout_general_leer?fmt=gif-alpha,rgb&wid=325&hei=464", "price": "29,95\u00a0\u20ac", "name": "Susa Entlastungs-BH mit breiten Komforttr\u00e4gern und Bl\u00fcmchendruck"},
{"image_link": "//media.sheego.de/is/image/sheego/layout_general_leer?fmt=gif-alpha,rgb&wid=325&hei=464", "price": "ab\u00a032,99\u00a0\u20ac", "name": "Minimizer-BH mit B\u00fcgel und nahtlos vorgeformten Cups (2 St\u00fcck)"},
{"image_link": "//media.sheego.de/is/image/sheego/layout_general_leer?fmt=gif-alpha,rgb&wid=325&hei=464", "price": "ab\u00a039,99\u00a0\u20ac", "name": "BH ohne B\u00fcgel (2 St\u00fcck)"},
{"image_link": "//media.sheego.de/is/image/sheego/layout_general_leer?fmt=gif-alpha,rgb&wid=325&hei=464", "price": "ab\u00a024,99\u00a0\u20ac", "name": "B\u00fcgel-BH mit Stickerei-Spitze im Obercup"},
{"image_link": "//media.sheego.de/is/image/sheego/layout_general_leer?fmt=gif-alpha,rgb&wid=325&hei=464", "price": "ab\u00a079,99\u00a0\u20ac", "name": "Badeanzug"},
{"image_link": "//media.sheego.de/is/image/sheego/layout_general_leer?fmt=gif-alpha,rgb&wid=325&hei=464", "price": "ab\u00a065,99\u00a0\u20ac", "name": "Badeanzug"},
{"image_link": "//media.sheego.de/is/image/sheego/layout_general_leer?fmt=gif-alpha,rgb&wid=325&hei=464", "price": "ab\u00a074,99\u00a0\u20ac", "name": "Badeanzug \u00bbFlori\u00ab"},
{"image_link": "//media.sheego.de/is/image/sheego/layout_general_leer?fmt=gif-alpha,rgb&wid=325&hei=464", "price": "ab\u00a045,99\u00a0\u20ac", "name": "Bade-Shirt mit Unterbrustgummi"},
{"image_link": "//media.sheego.de/is/image/sheego/layout_general_leer?fmt=gif-alpha,rgb&wid=325&hei=464", "price": "ab\u00a070,99\u00a0\u20ac", "name": "B\u00fcgel-Tankini im Punkte-Design"},
{"image_link": "//media.sheego.de/is/image/sheego/layout_general_leer?fmt=gif-alpha,rgb&wid=325&hei=464", "price": "44,99\u00a0\u20ac", "name": "Shirt"},
{"image_link": "//media.sheego.de/is/image/sheego/layout_general_leer?fmt=gif-alpha,rgb&wid=325&hei=464", "price": "119,00\u00a0\u20ac", "name": "Abendkleid mit Schmuckbrosche"},
{"image_link": "//media.sheego.de/is/image/sheego/layout_general_leer?fmt=gif-alpha,rgb&wid=325&hei=464", "price": "49,99\u00a0\u20ac", "name": "Kleid mit Spitzenborten"},
{"image_link": "//media.sheego.de/is/image/sheego/layout_general_leer?fmt=gif-alpha,rgb&wid=325&hei=464", "price": "119,00\u00a0\u20ac", "name": "Abendkleid aus floraler Spitze"},
{"image_link": "//media.sheego.de/is/image/sheego/layout_general_leer?fmt=gif-alpha,rgb&wid=325&hei=464", "price": "19,99\u00a0\u20ac", "name": "Taillenslip (5 St\u00fcck)"},
{"image_link": "//media.sheego.de/is/image/sheego/layout_general_leer?fmt=gif-alpha,rgb&wid=325&hei=464", "price": "ab\u00a039,99\u00a0\u20ac", "name": "BH ohne B\u00fcgel (2 St\u00fcck)"},
{"image_link": "//media.sheego.de/is/image/sheego/layout_general_leer?fmt=gif-alpha,rgb&wid=325&hei=464", "price": "ab\u00a029,99\u00a0\u20ac", "name": "B\u00fcgel-BH"},
{"image_link": "//media.sheego.de/is/image/sheego/layout_general_leer?fmt=gif-alpha,rgb&wid=325&hei=464", "price": "ab\u00a029,00\u00a0\u20ac", "name": "Feinripp-Tanktop-Unterhemd, (5 Stck.) \u00bbCotton made in Africa\u00ab"},
{"image_link": "//media.sheego.de/is/image/sheego/layout_general_leer?fmt=gif-alpha,rgb&wid=325&hei=464", "price": "ab\u00a028,99\u00a0\u20ac", "name": "Taillenslip (10 St\u00fcck)"},
{"image_link": "//media.sheego.de/is/image/sheego/layout_general_leer?fmt=gif-alpha,rgb&wid=325&hei=464", "price": "89,99\u00a0\u20ac", "name": "Kleid im extravaganten Design"},
{"image_link": "//media.sheego.de/is/image/sheego/layout_general_leer?fmt=gif-alpha,rgb&wid=325&hei=464", "price": "34,99\u00a0\u20ac", "name": "Capri-Stretch-Jeans"},
{"image_link": "//media.sheego.de/is/image/sheego/layout_general_leer?fmt=gif-alpha,rgb&wid=325&hei=464", "price": "29,99\u00a0\u20ac", "name": "3/4-lange Hose mit Krempelfunktion"},
{"image_link": "//media.sheego.de/is/image/sheego/layout_general_leer?fmt=gif-alpha,rgb&wid=325&hei=464", "price": "119,00\u00a0\u20ac", "name": "Abendkleid mit floraler Spitze"},
{"image_link": "//media.sheego.de/is/image/sheego/layout_general_leer?fmt=gif-alpha,rgb&wid=325&hei=464", "price": "99,00\u00a0\u20ac", "name": "Abendkleid mit Schmuckbrosche"},
{"image_link": "//media.sheego.de/is/image/sheego/layout_general_leer?fmt=gif-alpha,rgb&wid=325&hei=464", "price": "25,99\u00a0\u20ac", "name": "Pantys (2 St\u00fcck)"},
{"image_link": "//media.sheego.de/is/image/sheego/layout_general_leer?fmt=gif-alpha,rgb&wid=325&hei=464", "price": "ab\u00a029,00\u00a0\u20ac", "name": "Feinripp-Tanktop-Unterhemd, (5 Stck.) \u00bbCotton made in Africa\u00ab"},
{"image_link": "//media.sheego.de/is/image/sheego/layout_general_leer?fmt=gif-alpha,rgb&wid=325&hei=464", "price": "ab\u00a029,99\u00a0\u20ac", "name": "BH mit B\u00fcgel f\u00fcr ein bezauberndes Dekollet\u00e9 (2 St\u00fcck)"},
{"image_link": "//media.sheego.de/is/image/sheego/layout_general_leer?fmt=gif-alpha,rgb&wid=325&hei=464", "price": "ab\u00a034,99\u00a0\u20ac", "name": "H.I.S Sport-BH"},
{"image_link": "//media.sheego.de/is/image/sheego/layout_general_leer?fmt=gif-alpha,rgb&wid=325&hei=464", "price": "24,99\u00a0\u20ac", "name": "Jazzpants (5 St\u00fcck)"},
{"image_link": "//media.sheego.de/is/image/sheego/layout_general_leer?fmt=gif-alpha,rgb&wid=325&hei=464", "price": "59,99\u00a0\u20ac", "name": "Kleid mit Allover-Paisleydruck"},
{"image_link": "//media.sheego.de/is/image/sheego/layout_general_leer?fmt=gif-alpha,rgb&wid=325&hei=464", "price": "39,99\u00a0\u20ac", "name": "BASIC Schmale Hose in 7/8-L\u00e4nge"},
{"image_link": "//media.sheego.de/is/image/sheego/layout_general_leer?fmt=gif-alpha,rgb&wid=325&hei=464", "price": "139,00\u00a0\u20ac", "name": "Langes Spitzenkleid"},
{"image_link": "//media.sheego.de/is/image/sheego/layout_general_leer?fmt=gif-alpha,rgb&wid=325&hei=464", "price": "9,99\u00a0\u20ac", "name": "BASIC Top mit V-Ausschnitt"},
{"image_link": "//media.sheego.de/is/image/sheego/layout_general_leer?fmt=gif-alpha,rgb&wid=325&hei=464", "price": "39,99\u00a0\u20ac", "name": "Bermudas mit Fransen am Saum"},
{"image_link": "//media.sheego.de/is/image/sheego/layout_general_leer?fmt=gif-alpha,rgb&wid=325&hei=464", "price": "ab\u00a023,99\u00a0\u20ac", "name": "Spitzen-Slip, (4 Stck.)"},
{"image_link": "//media.sheego.de/is/image/sheego/layout_general_leer?fmt=gif-alpha,rgb&wid=325&hei=464", "price": "19,99\u00a0\u20ac", "name": "Jazzpants (5 St\u00fcck)"},
{"image_link": "//media.sheego.de/is/image/sheego/layout_general_leer?fmt=gif-alpha,rgb&wid=325&hei=464", "price": "23,99\u00a0\u20ac", "name": "Jazzpants (5 St\u00fcck)"},
{"image_link": "//media.sheego.de/is/image/sheego/layout_general_leer?fmt=gif-alpha,rgb&wid=325&hei=464", "price": "26,99\u00a0\u20ac", "name": "Taillenslips (5 St\u00fcck)"},
{"image_link": "//media.sheego.de/is/image/sheego/layout_general_leer?fmt=gif-alpha,rgb&wid=325&hei=464", "price": "ab\u00a023,99\u00a0\u20ac", "name": "Jazzpants mit extraweichen Einfassungen (5 St\u00fcck)"},
{"image_link": "//media.sheego.de/is/image/sheego/layout_general_leer?fmt=gif-alpha,rgb&wid=325&hei=464", "price": "129,00\u00a0\u20ac", "name": "Cocktailkleid aus Spitze"},
{"image_link": "//media.sheego.de/is/image/sheego/layout_general_leer?fmt=gif-alpha,rgb&wid=325&hei=464", "price": "89,99\u00a0\u20ac", "name": "Kleid mit floralem Alloverdruck"},
{"image_link": "//media.sheego.de/is/image/sheego/layout_general_leer?fmt=gif-alpha,rgb&wid=325&hei=464", "price": "ab\u00a021,99\u00a0\u20ac", "name": "Panty ouvert im lockeren Knicker-Schnitt"},
{"image_link": "//media.sheego.de/is/image/sheego/layout_general_leer?fmt=gif-alpha,rgb&wid=325&hei=464", "price": "19,99\u00a0\u20ac", "name": "Taillenslip (5 St\u00fcck)"},
{"image_link": "//media.sheego.de/is/image/sheego/layout_general_leer?fmt=gif-alpha,rgb&wid=325&hei=464", "price": "19,99\u00a0\u20ac", "name": "H.I.S klassische Slips (5 St\u00fcck) mit Logo am Bund, Gr\u00f6\u00dfe 40-58"},
{"image_link": "//media.sheego.de/is/image/sheego/layout_general_leer?fmt=gif-alpha,rgb&wid=325&hei=464", "price": "ab\u00a045,99\u00a0\u20ac", "name": "Negligee"},
{"image_link": "//media.sheego.de/is/image/sheego/layout_general_leer?fmt=gif-alpha,rgb&wid=325&hei=464", "price": "ab\u00a027,99\u00a0\u20ac", "name": "Spaghettitop \u00bbKatja\u00ab (3 St\u00fcck)"}
]